{
    "lstm_ae_small": {
        "precision": 0.5839435673496809,
        "recall": 0.9679287305122495,
        "f1_score": 0.7284307563377331,
        "roc_auc": 0.5961476160743111,
        "auc_pr": 0.6250960275474196,
        "threshold": 0.6937977105379105,
        "TP": 8692,
        "TN": 602,
        "FP": 6193,
        "FN": 288
    },
    "lstm_ae_deep": {
        "precision": 0.581951871657754,
        "recall": 0.9694877505567929,
        "f1_score": 0.7273182957393484,
        "roc_auc": 0.5948848393371912,
        "auc_pr": 0.624962694210082,
        "threshold": 0.5414999425411224,
        "TP": 8706,
        "TN": 541,
        "FP": 6254,
        "FN": 274
    },
    "isolation_forest": {
        "precision": 0.5807099799062291,
        "recall": 0.965478841870824,
        "f1_score": 0.7252195734002509,
        "roc_auc": 0.5954198111738783,
        "auc_pr": 0.6437016148798309,
        "threshold": -0.11185502620884863,
        "TP": 8670,
        "TN": 535,
        "FP": 6260,
        "FN": 310
    }
}