{
    "train_loss": [
        0.5919668575678722,
        0.5352163823524324,
        0.4992024099551412,
        0.48142644059146594,
        0.4680253735037133,
        0.46032657637847924,
        0.4508036674878778,
        0.4488777009449383,
        0.4411694333812978,
        0.43734776356826127,
        0.4386474500434233,
        0.4309834260987763,
        0.4254794355823655,
        0.42264846566486675,
        0.41931594324977484,
        0.41611923524648836,
        0.4198962716536947,
        0.4133069808609021,
        0.40908535758260844,
        0.40316561840548376,
        0.39962772443743033,
        0.4014652894117651,
        0.3937536091497629,
        0.3892858082547833,
        0.38611986863731157,
        0.38380608388693027,
        0.3810535271687083,
        0.3800597869012222,
        0.3816353136123997,
        0.3712913987660172,
        0.36514046774052156,
        0.3614391580115844,
        0.358791536470451,
        0.35355987690856355,
        0.35811674911196867,
        0.35347015732192366,
        0.34449746533589,
        0.3407527466654384,
        0.338395822240968,
        0.3354805950520456
    ],
    "val_loss": [
        0.5506321406608736,
        0.4994818147173401,
        0.47273869689012943,
        0.4578892952315277,
        0.4544698188575397,
        0.44124993677482005,
        0.43720456861337925,
        0.4287774364389579,
        0.42235936748900044,
        0.42658566632857126,
        0.42440410318167865,
        0.4123380454492243,
        0.41058830469448415,
        0.4056231710282001,
        0.40268656297221467,
        0.3992477310918225,
        0.40010418793126246,
        0.3954812969480242,
        0.39062385799660326,
        0.38577069247870055,
        0.38288432794294197,
        0.3816867463837259,
        0.37695001015721213,
        0.3739545985963389,
        0.37107705191012336,
        0.3701156565705428,
        0.3670551619775436,
        0.3652558652980058,
        0.36197376884088556,
        0.3542323378911881,
        0.3498212647944344,
        0.3486551366345904,
        0.3437226513018408,
        0.34014413043090985,
        0.3485615785411532,
        0.33526528726036203,
        0.3314992123022609,
        0.3282908634134666,
        0.3255149176593771,
        0.3226641022932434
    ]
}