{
    "train_loss": [
        0.5812069591043806,
        0.5037105650830977,
        0.4716240943815842,
        0.4530334771387648,
        0.4427682366780322,
        0.4331455311523412,
        0.42774797755106053,
        0.4182859364712592,
        0.4119751617656683,
        0.4098515594280986,
        0.39873469855525706,
        0.38879353714461373,
        0.38577467493491596,
        0.38511573709670466,
        0.370861308869749,
        0.36083637584554085,
        0.35401074225753054,
        0.34756707224908834,
        0.34778308406127956,
        0.3387008635911218,
        0.3340521806714558,
        0.32843132763412525,
        0.32921925133997854,
        0.32863828008324397,
        0.3174685223385839,
        0.3139024223982304,
        0.3491111290592565,
        0.31664278157473397,
        0.3080423876357944,
        0.31408947407609167,
        0.32326032870280075,
        0.30023433556257695,
        0.2955563731044039,
        0.2935571763578421,
        0.28949629894577633,
        0.2869294896338246,
        0.2842606062562552,
        0.28200804674192625,
        0.2852592067513922,
        0.2829285087738887
    ],
    "val_loss": [
        0.5125018343006357,
        0.4647464914618595,
        0.43746740394223504,
        0.42287419783739794,
        0.417715543299639,
        0.4856976280146549,
        0.3976250076403701,
        0.39049503762183146,
        0.38434039842739,
        0.3939624676939497,
        0.36858764950231376,
        0.36067424252084923,
        0.3535187321156042,
        0.3473350995012515,
        0.34100282876435606,
        0.3421612871500445,
        0.3285003255356799,
        0.32420069041222394,
        0.31983868472824684,
        0.31432111035088667,
        0.31052382277086366,
        0.30919329136087803,
        0.3031291317074101,
        0.30359062236903295,
        0.296368561386354,
        0.3016186368936313,
        0.30111671523043054,
        0.2918713334621433,
        0.28743894700041717,
        0.2849430965277927,
        0.2855730718043214,
        0.2789806027263005,
        0.2771765350773245,
        0.27532513086931054,
        0.2751473268150469,
        0.26867563334795147,
        0.26689811947970987,
        0.2832809488834243,
        0.265451586052647,
        0.267324662957377
    ]
}