alpha_sbert,beta_skill_overlap,Top-1 Accuracy,Precision@1,Top-3 Accuracy,Precision@3,Top-5 Accuracy,Precision@5,Top-10 Accuracy,Precision@10,MRR
0.85,0.15000000000000002,0.8113695090439277,0.8113695090439277,0.875968992248062,0.8191214470284238,0.8940568475452196,0.812919896640827,0.9069767441860465,0.8059431524547803,0.8489712011781629
