method,Top-1 Accuracy,Precision@1,Top-3 Accuracy,Precision@3,Top-5 Accuracy,Precision@5,Top-10 Accuracy,Precision@10,MRR
BM25,0.5023255813953489,0.5023255813953489,0.6387596899224807,0.505770887166236,0.6914728682170542,0.5026356589147286,0.7441860465116279,0.4913695090439276,0.5919626385390311
