method,Top-1 Accuracy,Precision@1,Top-3 Accuracy,Precision@3,Top-5 Accuracy,Precision@5,Top-10 Accuracy,Precision@10,MRR
TF-IDF + Cosine Similarity,0.5762273901808785,0.5762273901808785,0.6821705426356589,0.5607235142118863,0.7131782945736435,0.5493540051679587,0.7803617571059431,0.5483204134366926,0.6463413836194638
BM25,0.49870801033591733,0.49870801033591733,0.6356589147286822,0.5193798449612403,0.6976744186046512,0.5219638242894057,0.7622739018087855,0.5139534883720931,0.5927068132663585
Pretrained Sentence-BERT,0.6149870801033591,0.6149870801033591,0.7571059431524548,0.5968992248062015,0.7906976744186046,0.5901808785529716,0.8191214470284238,0.5723514211886305,0.6929222927994989
Fine-tuned Sentence-BERT,0.7881136950904393,0.7881136950904393,0.8708010335917312,0.7958656330749354,0.8992248062015504,0.7974160206718347,0.9043927648578811,0.7963824289405685,0.8316460637826434
