method,Top-1 Accuracy,Precision@1,Top-3 Accuracy,Precision@3,Top-5 Accuracy,Precision@5,Top-10 Accuracy,Precision@10,MRR
Fine-tuned Sentence-BERT,0.7881136950904393,0.7881136950904393,0.8708010335917312,0.7958656330749354,0.8992248062015504,0.7974160206718347,0.9043927648578811,0.7963824289405685,0.8316460637826434
