resume_category,num_test_resumes,top1_accuracy
BUSINESS-DEVELOPMENT,24,1.0
INFORMATION-TECHNOLOGY,24,1.0
CONSTRUCTION,22,1.0
DESIGNER,21,1.0
TEACHER,20,1.0
HR,22,1.0
SALES,23,1.0
FINANCE,24,1.0
ACCOUNTANT,24,0.9583333333333334
CONSULTANT,23,0.9130434782608695
CHEF,24,0.8333333333333334
HEALTHCARE,23,0.782608695652174
PUBLIC-RELATIONS,22,0.6818181818181818
ENGINEERING,24,0.625
ADVOCATE,23,0.4782608695652174
BANKING,23,0.30434782608695654
ARTS,21,0.19047619047619047
