alpha_sbert,beta_skill_overlap,Top-1 Accuracy,Precision@1,Top-3 Accuracy,Precision@3,Top-5 Accuracy,Precision@5,Top-10 Accuracy,Precision@10,MRR
0.7,0.30000000000000004,0.7984496124031008,0.7984496124031008,0.8682170542635659,0.8130921619293713,0.8914728682170543,0.81343669250646,0.9043927648578811,0.8095607235142119,0.8410578523776772
0.75,0.25,0.8036175710594315,0.8036175710594315,0.875968992248062,0.8191214470284238,0.8940568475452196,0.8175710594315245,0.9043927648578811,0.8116279069767441,0.8447150321302698
0.8,0.19999999999999996,0.8087855297157622,0.8087855297157622,0.8785529715762274,0.8217054263565892,0.896640826873385,0.8155038759689923,0.9043927648578811,0.8116279069767441,0.847653214049707
0.85,0.15000000000000002,0.8113695090439277,0.8113695090439277,0.875968992248062,0.8191214470284238,0.8940568475452196,0.812919896640827,0.9069767441860465,0.8059431524547803,0.8489712011781629
0.9,0.09999999999999998,0.8036175710594315,0.8036175710594315,0.8708010335917312,0.809646856158484,0.896640826873385,0.8087855297157622,0.9069767441860465,0.8051679586563308,0.8433802197975047
0.95,0.050000000000000044,0.7932816537467701,0.7932816537467701,0.8656330749354005,0.7975882859603789,0.8992248062015504,0.8036175710594315,0.9069767441860465,0.8010335917312662,0.8351990119347237
