method,Top-1 Accuracy,Precision@1,Top-3 Accuracy,Precision@3,Top-5 Accuracy,Precision@5,Top-10 Accuracy,Precision@10,MRR
Pretrained Sentence-BERT,0.5875968992248062,0.5875968992248062,0.7255813953488373,0.576916451335056,0.7669250645994832,0.570749354005168,0.8051679586563307,0.5513178294573643,0.6685085233558903
