method,Top-1 Accuracy,Precision@1,Top-3 Accuracy,Precision@3,Top-5 Accuracy,Precision@5,Top-10 Accuracy,Precision@10,MRR
TF-IDF + Cosine Similarity,0.5426356589147286,0.5426356589147286,0.6651162790697674,0.5367786391042204,0.7012919896640827,0.5321963824289405,0.7540051679586564,0.5283720930232558,0.6186998761161443
