{
  "custom_cnn": {
    "accuracy": 0.5599,
    "f1_macro": 0.553137855123874,
    "TP": 5599,
    "TN": 985599,
    "FP": 4401,
    "FN": 4401
  },
  "resnet50": {
    "accuracy": 0.6415,
    "f1_macro": 0.637891147578553,
    "TP": 6415,
    "TN": 986415,
    "FP": 3585,
    "FN": 3585
  },
  "vgg19_bn": {
    "accuracy": 0.6666,
    "f1_macro": 0.6641835841756871,
    "TP": 6666,
    "TN": 986666,
    "FP": 3334,
    "FN": 3334
  },
  "densenet121": {
    "accuracy": 0.6057,
    "f1_macro": 0.601835623613746,
    "TP": 6057,
    "TN": 986057,
    "FP": 3943,
    "FN": 3943
  },
  "efficientnet_b0": {
    "accuracy": 0.4588,
    "f1_macro": 0.4467451075262195,
    "TP": 4588,
    "TN": 984588,
    "FP": 5412,
    "FN": 5412
  }
}