Model,Accuracy,TP,TN,FP,FN,Macro F1-score
Custom CNN,0.5599,5599,985599,4401,4401,0.553137855123874
ResNet-50,0.6415,6415,986415,3585,3585,0.637891147578553
VGG-19,0.6666,6666,986666,3334,3334,0.6641835841756871
DenseNet-121,0.6057,6057,986057,3943,3943,0.601835623613746
EfficientNet-B0,0.4588,4588,984588,5412,5412,0.4467451075262195
