{
  "custom_cnn": {
    "train_loss": [
      4.374826599121094,
      4.058451382446289,
      3.905837274169922,
      3.761545753479004,
      3.6123595680236815,
      3.4730919815063475,
      3.3494931243896486,
      3.2131812538146973,
      3.092856075286865,
      2.971143157958984,
      2.8642742855072023,
      2.755649311828613,
      2.6579886138916016,
      2.5638149948120117,
      2.4819580352783204,
      2.3884750469207763,
      2.320799784088135,
      2.2372871829986574,
      2.182333365249634,
      2.1060655693054198,
      2.0524628902435302,
      2.0018130577087403,
      1.9320352024078369,
      1.8899329929351807,
      1.8403551414489747,
      1.7968512859344483,
      1.752460280418396,
      1.7151094272613525,
      1.6799872520446777,
      1.6362449518203734,
      1.6097393369674682,
      1.5881487073898315,
      1.5675770071029662,
      1.5399294401168824,
      1.533485987854004,
      1.511953485107422,
      1.4958623390197754,
      1.4876323833465577,
      1.4936899494171143,
      1.4855772514343262
    ],
    "val_loss": [
      4.04604599609375,
      3.8472416015625,
      3.7650912963867187,
      3.4971359619140623,
      3.378368438720703,
      3.2346687164306642,
      3.0348798248291016,
      2.999436404418945,
      2.808487652587891,
      2.705863674926758,
      2.6643393798828123,
      2.4396807556152345,
      2.3999742004394533,
      2.291337634277344,
      2.2367311309814455,
      2.2950553604125976,
      2.1480531951904296,
      2.088088124084473,
      1.9970494979858397,
      1.9663355133056641,
      1.915427864074707,
      1.9504385513305664,
      1.8597064468383788,
      1.832853369140625,
      1.7916996002197265,
      1.772094450378418,
      1.755606544494629,
      1.737861572265625,
      1.7363938354492188,
      1.6802302139282226,
      1.7003156539916993,
      1.6710731643676757,
      1.6653382675170898,
      1.6607785507202149,
      1.6562579132080077,
      1.6508937744140626,
      1.6414112106323242,
      1.6400045669555665,
      1.6455525360107421,
      1.641994189453125
    ],
    "train_acc": [
      2.755,
      5.5475,
      7.6225,
      9.9375,
      12.0675,
      14.69,
      16.7,
      19.3175,
      21.5925,
      23.985,
      26.24,
      28.3475,
      30.7075,
      32.72,
      34.3775,
      36.4675,
      38.2,
      39.975,
      41.4725,
      43.01,
      44.43,
      45.605,
      47.1775,
      48.44,
      49.505,
      50.52,
      51.5775,
      52.5175,
      53.465,
      54.4,
      54.7,
      55.3125,
      55.8275,
      56.9175,
      56.72,
      57.335,
      57.8025,
      57.985,
      57.77,
      57.8475
    ],
    "val_acc": [
      4.73,
      8.06,
      10.16,
      13.47,
      15.7,
      19.03,
      22.41,
      23.67,
      27.31,
      29.3,
      30.38,
      35.46,
      36.81,
      38.72,
      40.17,
      39.48,
      42.32,
      43.33,
      45.6,
      47.08,
      48.19,
      47.54,
      49.6,
      50.47,
      51.12,
      52.03,
      52.78,
      52.98,
      53.06,
      54.37,
      53.98,
      54.48,
      54.87,
      54.98,
      55.17,
      55.52,
      55.45,
      55.46,
      55.5,
      55.38
    ]
  },
  "resnet50": {
    "train_loss": [
      3.7177625648498536,
      2.3915705839157106,
      1.975208797454834,
      1.7363890422821044,
      1.5678177366256714,
      1.4439720725059508,
      1.3233078389167785,
      1.222429247188568,
      1.148525095462799,
      1.0854363922119141,
      1.0552544204711913,
      1.0376948015213012
    ],
    "val_loss": [
      2.338614487457275,
      1.758234002685547,
      1.5817005210876465,
      1.464035749053955,
      1.3936866771697998,
      1.3294018468856812,
      1.3204299598693847,
      1.2841401262283325,
      1.2716189967155456,
      1.2577624820709228,
      1.2448228625297546,
      1.2470345281600952
    ],
    "train_acc": [
      15.76,
      38.81,
      47.685,
      52.8775,
      56.6075,
      59.505,
      62.58,
      64.9675,
      67.02,
      68.685,
      69.1625,
      69.7775
    ],
    "val_acc": [
      38.83,
      51.08,
      55.89,
      58.66,
      60.24,
      62.24,
      62.95,
      63.87,
      64.61,
      64.89,
      65.24,
      64.93
    ]
  },
  "vgg19_bn": {
    "train_loss": [
      3.139188641166687,
      2.2225922637939455,
      1.9091081670761108,
      1.7168953777313232,
      1.5476394495010375,
      1.3990407161712646,
      1.2479455810546876,
      1.1315138487815857,
      1.0322068652153016,
      0.9511614200592041,
      0.8925433855056762,
      0.8682967519283294
    ],
    "val_loss": [
      2.052304067993164,
      1.7793761299133302,
      1.6212625194549561,
      1.5016332656860352,
      1.423969941520691,
      1.3512669818878174,
      1.3171279706954957,
      1.2595136526107789,
      1.2429626850128175,
      1.2153530817985534,
      1.2082659832954408,
      1.2138242509841919
    ],
    "train_acc": [
      24.275,
      41.3975,
      48.79,
      53.255,
      57.4,
      60.955,
      64.7725,
      67.615,
      70.1775,
      72.1575,
      73.7025,
      74.3825
    ],
    "val_acc": [
      44.77,
      51.17,
      54.77,
      58.28,
      60.91,
      62.42,
      64.1,
      65.51,
      66.13,
      66.62,
      67.06,
      67.03
    ]
  },
  "densenet121": {
    "train_loss": [
      3.621684631347656,
      2.4530538465499876,
      2.047123035430908,
      1.8206115377426146,
      1.6419890321731567,
      1.5025369779586792,
      1.405229947566986,
      1.3091207069396973,
      1.2280896104812622,
      1.180678446483612,
      1.1488872075080871,
      1.1355373692512511
    ],
    "val_loss": [
      2.585713949584961,
      2.0243120536804198,
      1.8087966827392579,
      1.648054524230957,
      1.5790797172546387,
      1.5095331581115723,
      1.4643528823852539,
      1.4425642696380616,
      1.4168394607543946,
      1.4039152980804444,
      1.3985839813232421,
      1.3979225227355958
    ],
    "train_acc": [
      18.265,
      37.45,
      45.8,
      50.7275,
      54.7125,
      58.36,
      60.6975,
      63.115,
      65.3975,
      66.5075,
      67.6025,
      67.8925
    ],
    "val_acc": [
      35.61,
      45.54,
      49.72,
      53.95,
      55.44,
      57.81,
      58.52,
      59.59,
      60.34,
      60.68,
      60.71,
      60.92
    ]
  },
  "efficientnet_b0": {
    "train_loss": [
      4.329730055999756,
      3.5279955501556395,
      3.0372037883758547,
      2.746650006866455,
      2.554084547805786,
      2.419690140533447,
      2.309716014671326,
      2.234071921348572,
      2.179481784248352,
      2.1404285863876344,
      2.112701836967468,
      2.1114412601470947
    ],
    "val_loss": [
      3.814577349853516,
      3.074323226928711,
      2.692600164794922,
      2.438017314910889,
      2.283421418762207,
      2.1703228790283204,
      2.0871799011230467,
      2.049720849609375,
      2.0242555503845217,
      1.9895227333068848,
      2.0018136375427247,
      1.9712329132080078
    ],
    "train_acc": [
      5.8425,
      17.19,
      24.86,
      30.095,
      33.895,
      36.5625,
      38.9625,
      40.83,
      41.96,
      42.52,
      43.3425,
      43.415
    ],
    "val_acc": [
      14.02,
      24.85,
      31.85,
      36.6,
      40.22,
      42.12,
      43.88,
      44.85,
      45.5,
      46.19,
      46.09,
      46.84
    ]
  }
}